n,lr,seed,step,test_error
500,0.0003,0,0,50.980000000000004
500,0.0003,0,1,39.900000000000006
500,0.0003,0,2,35.92
500,0.0003,0,6,26.950000000000003
500,0.0003,0,14,25.540000000000003
500,0.0003,0,35,22.1
500,0.0003,0,85,19.259999999999998
500,0.0003,0,208,16.53
500,0.0003,0,506,14.48
500,0.0003,0,1232,14.62
500,0.0003,0,3000,13.96
500,0.001,0,0,50.980000000000004
500,0.001,0,1,36.09
500,0.001,0,2,30.819999999999997
500,0.001,0,6,59.35
500,0.001,0,14,22.95
500,0.001,0,35,19.2
500,0.001,0,85,19.71
500,0.001,0,208,16.64
500,0.001,0,506,14.89
500,0.001,0,1232,13.91
500,0.001,0,3000,13.719999999999999
500,0.001,0,4000,13.8
500,0.001,0,5000,13.750000000000002
500,0.001,1,0,59.95
500,0.001,1,1,40.0
500,0.001,1,2,59.919999999999995
500,0.001,1,6,25.16
500,0.001,1,14,22.42
500,0.001,1,35,19.220000000000002
500,0.001,1,85,20.150000000000002
500,0.001,1,208,15.76
500,0.001,1,506,13.55
500,0.001,1,1232,13.389999999999999
500,0.001,1,3000,13.309999999999999
500,0.001,1,4000,13.350000000000001
500,0.001,1,5000,13.38
500,0.001,2,0,37.6
500,0.001,2,1,40.0
500,0.001,2,2,50.029999999999994
500,0.001,2,6,37.76
500,0.001,2,14,21.22
500,0.001,2,35,21.01
500,0.001,2,85,23.51
500,0.001,2,208,17.02
500,0.001,2,506,15.18
500,0.001,2,1232,14.069999999999999
500,0.001,2,3000,14.249999999999998
500,0.001,2,4000,14.34
500,0.001,2,5000,14.44
500,0.003,0,0,50.980000000000004
500,0.003,0,1,32.41
500,0.003,0,2,60.0
500,0.003,0,6,60.0
500,0.003,0,14,25.19
500,0.003,0,35,22.37
500,0.003,0,85,15.370000000000001
500,0.003,0,208,14.95
500,0.003,0,506,12.73
500,0.003,0,1232,12.6
500,0.003,0,3000,12.989999999999998
500,0.003,0,4000,12.91
500,0.003,0,5000,12.91
500,0.003,1,0,59.95
500,0.003,1,1,40.0
500,0.003,1,2,60.0
500,0.003,1,6,40.0
500,0.003,1,14,39.72
500,0.003,1,35,19.580000000000002
500,0.003,1,85,20.97
500,0.003,1,208,13.320000000000002
500,0.003,1,506,12.46
500,0.003,1,1232,12.42
500,0.003,1,3000,12.33
500,0.003,1,4000,12.43
500,0.003,1,5000,12.370000000000001
500,0.003,2,0,37.6
500,0.003,2,1,40.0
500,0.003,2,2,60.0
500,0.003,2,6,40.0
500,0.003,2,14,39.81
500,0.003,2,35,18.86
500,0.003,2,85,44.05
500,0.003,2,208,15.09
500,0.003,2,506,13.780000000000001
500,0.003,2,1232,13.350000000000001
500,0.003,2,3000,13.389999999999999
500,0.003,2,4000,13.530000000000001
500,0.003,2,5000,13.51
500,0.005,0,0,50.980000000000004
500,0.005,0,1,31.819999999999997
500,0.005,0,2,60.0
500,0.005,0,6,39.95
500,0.005,0,14,22.33
500,0.005,0,35,17.810000000000002
500,0.005,0,85,13.96
500,0.005,0,208,14.680000000000001
500,0.005,0,506,13.41
500,0.005,0,1232,12.98
500,0.005,0,3000,12.989999999999998
500,0.005,0,4000,13.020000000000001
500,0.005,0,5000,13.020000000000001
500,0.005,1,0,59.95
500,0.005,1,1,40.0
500,0.005,1,2,60.0
500,0.005,1,6,40.0
500,0.005,1,14,38.68
500,0.005,1,35,24.23
500,0.005,1,85,14.719999999999999
500,0.005,1,208,13.83
500,0.005,1,506,13.22
500,0.005,1,1232,12.67
500,0.005,1,3000,12.540000000000001
500,0.005,1,4000,12.6
500,0.005,1,5000,12.6
500,0.005,2,0,37.6
500,0.005,2,1,40.0
500,0.005,2,2,60.0
500,0.005,2,6,40.0
500,0.005,2,14,39.910000000000004
500,0.005,2,35,23.73
500,0.005,2,85,25.419999999999998
500,0.005,2,208,14.299999999999999
500,0.005,2,506,13.850000000000001
500,0.005,2,1232,13.55
500,0.005,2,3000,13.73
500,0.005,2,4000,13.69
500,0.005,2,5000,13.700000000000001
1000,0.0003,0,0,50.980000000000004
1000,0.0003,0,1,39.93
1000,0.0003,0,2,36.17
1000,0.0003,0,6,27.18
1000,0.0003,0,14,25.7
1000,0.0003,0,35,22.35
1000,0.0003,0,85,19.11
1000,0.0003,0,208,15.98
1000,0.0003,0,506,13.26
1000,0.0003,0,1232,12.22
1000,0.0003,0,3000,11.899999999999999
1000,0.001,0,0,50.980000000000004
1000,0.001,0,1,36.85
1000,0.001,0,2,30.959999999999997
1000,0.001,0,6,59.550000000000004
1000,0.001,0,14,23.28
1000,0.001,0,35,19.21
1000,0.001,0,85,18.529999999999998
1000,0.001,0,208,15.379999999999999
1000,0.001,0,506,13.059999999999999
1000,0.001,0,1232,12.27
1000,0.001,0,3000,11.940000000000001
1000,0.001,0,4000,11.82
1000,0.001,0,5000,11.78
1000,0.001,1,0,59.95
1000,0.001,1,1,40.0
1000,0.001,1,2,59.43000000000001
1000,0.001,1,6,24.529999999999998
1000,0.001,1,14,22.11
1000,0.001,1,35,18.27
1000,0.001,1,85,26.57
1000,0.001,1,208,16.0
1000,0.001,1,506,13.84
1000,0.001,1,1232,12.82
1000,0.001,1,3000,12.47
1000,0.001,1,4000,12.1
1000,0.001,1,5000,12.09
1000,0.001,2,0,37.6
1000,0.001,2,1,40.0
1000,0.001,2,2,47.410000000000004
1000,0.001,2,6,38.6
1000,0.001,2,14,21.759999999999998
1000,0.001,2,35,25.85
1000,0.001,2,85,31.89
1000,0.001,2,208,15.590000000000002
1000,0.001,2,506,13.450000000000001
1000,0.001,2,1232,12.23
1000,0.001,2,3000,11.799999999999999
1000,0.001,2,4000,11.690000000000001
1000,0.001,2,5000,11.799999999999999
1000,0.003,0,0,50.980000000000004
1000,0.003,0,1,33.589999999999996
1000,0.003,0,2,60.0
1000,0.003,0,6,59.74
1000,0.003,0,14,24.72
1000,0.003,0,35,22.15
1000,0.003,0,85,15.98
1000,0.003,0,208,13.83
1000,0.003,0,506,12.07
1000,0.003,0,1232,10.84
1000,0.003,0,3000,10.979999999999999
1000,0.003,0,4000,10.86
1000,0.003,0,5000,11.12
1000,0.003,1,0,59.95
1000,0.003,1,1,40.0
1000,0.003,1,2,60.0
1000,0.003,1,6,40.0
1000,0.003,1,14,39.73
1000,0.003,1,35,19.02
1000,0.003,1,85,14.16
1000,0.003,1,208,13.530000000000001
1000,0.003,1,506,12.02
1000,0.003,1,1232,12.2
1000,0.003,1,3000,11.73
1000,0.003,1,4000,11.65
1000,0.003,1,5000,11.68
1000,0.003,2,0,37.6
1000,0.003,2,1,40.0
1000,0.003,2,2,60.0
1000,0.003,2,6,40.0
1000,0.003,2,14,39.25
1000,0.003,2,35,19.1
1000,0.003,2,85,15.98
1000,0.003,2,208,14.069999999999999
1000,0.003,2,506,13.03
1000,0.003,2,1232,11.52
1000,0.003,2,3000,11.5
1000,0.003,2,4000,11.53
1000,0.003,2,5000,11.53
1000,0.005,0,0,50.980000000000004
1000,0.005,0,1,33.25
1000,0.005,0,2,60.0
1000,0.005,0,6,40.0
1000,0.005,0,14,22.91
1000,0.005,0,35,18.56
1000,0.005,0,85,14.02
1000,0.005,0,208,12.620000000000001
1000,0.005,0,506,11.72
1000,0.005,0,1232,11.15
1000,0.005,0,3000,11.19
1000,0.005,0,4000,11.19
1000,0.005,0,5000,11.19
1000,0.005,1,0,59.95
1000,0.005,1,1,40.0
1000,0.005,1,2,60.0
1000,0.005,1,6,40.0
1000,0.005,1,14,38.0
1000,0.005,1,35,22.16
1000,0.005,1,85,14.23
1000,0.005,1,208,13.29
1000,0.005,1,506,12.540000000000001
1000,0.005,1,1232,11.81
1000,0.005,1,3000,11.59
1000,0.005,1,4000,11.64
1000,0.005,1,5000,11.63
1000,0.005,2,0,37.6
1000,0.005,2,1,40.0
1000,0.005,2,2,60.0
1000,0.005,2,6,40.0
1000,0.005,2,14,39.379999999999995
1000,0.005,2,35,23.400000000000002
1000,0.005,2,85,15.260000000000002
1000,0.005,2,208,13.469999999999999
1000,0.005,2,506,12.049999999999999
1000,0.005,2,1232,11.709999999999999
1000,0.005,2,3000,11.78
1000,0.005,2,4000,11.799999999999999
1000,0.005,2,5000,11.790000000000001
2000,0.0003,0,0,50.980000000000004
2000,0.0003,0,1,40.02
2000,0.0003,0,2,38.46
2000,0.0003,0,6,27.450000000000003
2000,0.0003,0,14,25.480000000000004
2000,0.0003,0,35,21.98
2000,0.0003,0,85,18.75
2000,0.0003,0,208,15.620000000000001
2000,0.0003,0,506,12.6
2000,0.0003,0,1232,11.600000000000001
2000,0.0003,0,3000,11.01
2000,0.001,0,0,50.980000000000004
2000,0.001,0,1,39.85
2000,0.001,0,2,34.760000000000005
2000,0.001,0,6,59.919999999999995
2000,0.001,0,14,22.93
2000,0.001,0,35,18.759999999999998
2000,0.001,0,85,23.21
2000,0.001,0,208,14.74
2000,0.001,0,506,12.32
2000,0.001,0,1232,11.07
2000,0.001,0,3000,10.440000000000001
2000,0.001,0,4000,10.36
2000,0.001,0,5000,10.040000000000001
2000,0.001,1,0,59.95
2000,0.001,1,1,40.0
2000,0.001,1,2,59.099999999999994
2000,0.001,1,6,24.779999999999998
2000,0.001,1,14,21.89
2000,0.001,1,35,18.459999999999997
2000,0.001,1,85,20.06
2000,0.001,1,208,14.499999999999998
2000,0.001,1,506,12.5
2000,0.001,1,1232,11.57
2000,0.001,1,3000,11.020000000000001
2000,0.001,1,4000,10.75
2000,0.001,1,5000,10.74
2000,0.001,2,0,37.6
2000,0.001,2,1,40.0
2000,0.001,2,2,48.9
2000,0.001,2,6,37.24
2000,0.001,2,14,21.58
2000,0.001,2,35,20.04
2000,0.001,2,85,22.52
2000,0.001,2,208,14.32
2000,0.001,2,506,12.1
2000,0.001,2,1232,10.93
2000,0.001,2,3000,10.5
2000,0.001,2,4000,10.13
2000,0.001,2,5000,10.2
2000,0.003,0,0,50.980000000000004
2000,0.003,0,1,39.019999999999996
2000,0.003,0,2,60.0
2000,0.003,0,6,40.0
2000,0.003,0,14,23.78
2000,0.003,0,35,17.94
2000,0.003,0,85,14.71
2000,0.003,0,208,13.87
2000,0.003,0,506,11.72
2000,0.003,0,1232,10.620000000000001
2000,0.003,0,3000,9.71
2000,0.003,0,4000,9.6
2000,0.003,0,5000,9.610000000000001
2000,0.003,1,0,59.95
2000,0.003,1,1,40.0
2000,0.003,1,2,60.0
2000,0.003,1,6,40.0
2000,0.003,1,14,39.910000000000004
2000,0.003,1,35,19.470000000000002
2000,0.003,1,85,14.510000000000002
2000,0.003,1,208,12.590000000000002
2000,0.003,1,506,11.18
2000,0.003,1,1232,10.639999999999999
2000,0.003,1,3000,10.51
2000,0.003,1,4000,10.42
2000,0.003,1,5000,10.33
2000,0.003,2,0,37.6
2000,0.003,2,1,40.0
2000,0.003,2,2,60.0
2000,0.003,2,6,40.0
2000,0.003,2,14,39.37
2000,0.003,2,35,18.77
2000,0.003,2,85,15.93
2000,0.003,2,208,13.16
2000,0.003,2,506,11.27
2000,0.003,2,1232,10.34
2000,0.003,2,3000,9.94
2000,0.003,2,4000,9.87
2000,0.003,2,5000,10.25
2000,0.005,0,0,50.980000000000004
2000,0.005,0,1,38.879999999999995
2000,0.005,0,2,60.0
2000,0.005,0,6,40.0
2000,0.005,0,14,24.11
2000,0.005,0,35,19.84
2000,0.005,0,85,13.96
2000,0.005,0,208,12.35
2000,0.005,0,506,10.86
2000,0.005,0,1232,9.879999999999999
2000,0.005,0,3000,9.67
2000,0.005,0,4000,9.73
2000,0.005,0,5000,9.77
2000,0.005,1,0,59.95
2000,0.005,1,1,40.0
2000,0.005,1,2,60.0
2000,0.005,1,6,40.0
2000,0.005,1,14,39.07
2000,0.005,1,35,18.94
2000,0.005,1,85,21.69
2000,0.005,1,208,12.2
2000,0.005,1,506,11.39
2000,0.005,1,1232,11.450000000000001
2000,0.005,1,3000,10.34
2000,0.005,1,4000,10.209999999999999
2000,0.005,1,5000,10.09
2000,0.005,2,0,37.6
2000,0.005,2,1,40.0
2000,0.005,2,2,60.0
2000,0.005,2,6,40.0
2000,0.005,2,14,39.04
2000,0.005,2,35,19.54
2000,0.005,2,85,27.02
2000,0.005,2,208,12.73
2000,0.005,2,506,11.24
2000,0.005,2,1232,10.440000000000001
2000,0.005,2,3000,10.35
2000,0.005,2,4000,10.5
2000,0.005,2,5000,10.879999999999999
5000,0.001,0,0,50.980000000000004
5000,0.001,0,1,40.0
5000,0.001,0,2,35.39
5000,0.001,0,6,59.660000000000004
5000,0.001,0,14,22.07
5000,0.001,0,35,18.57
5000,0.001,0,85,18.83
5000,0.001,0,208,15.06
5000,0.001,0,506,11.64
5000,0.001,0,1232,10.52
5000,0.001,0,3000,10.09
5000,0.001,0,4000,10.03
5000,0.001,0,5000,9.84
5000,0.003,0,0,50.980000000000004
5000,0.003,0,1,39.95
5000,0.003,0,2,60.0
5000,0.003,0,6,40.0
5000,0.003,0,14,24.93
5000,0.003,0,35,18.02
5000,0.003,0,85,14.760000000000002
5000,0.003,0,208,12.2
5000,0.003,0,506,10.36
5000,0.003,0,1232,9.5
5000,0.003,0,3000,9.09
5000,0.003,0,4000,8.76
5000,0.003,0,5000,8.55
5000,0.003,1,0,59.95
5000,0.003,1,1,40.0
5000,0.003,1,2,60.0
5000,0.003,1,6,40.0
5000,0.003,1,14,38.96
5000,0.003,1,35,19.08
5000,0.003,1,85,14.27
5000,0.003,1,208,12.2
5000,0.003,1,506,10.15
5000,0.003,1,1232,9.180000000000001
5000,0.003,1,3000,8.34
5000,0.003,1,4000,8.04
5000,0.003,1,5000,7.9799999999999995
5000,0.003,2,0,37.6
5000,0.003,2,1,40.0
5000,0.003,2,2,60.0
5000,0.003,2,6,40.0
5000,0.003,2,14,35.21
5000,0.003,2,35,18.77
5000,0.003,2,85,14.249999999999998
5000,0.003,2,208,13.3
5000,0.003,2,506,10.52
5000,0.003,2,1232,9.32
5000,0.003,2,3000,8.73
5000,0.003,2,4000,8.35
5000,0.003,2,5000,8.03
5000,0.005,0,0,50.980000000000004
5000,0.005,0,1,39.910000000000004
5000,0.005,0,2,60.0
5000,0.005,0,6,40.0
5000,0.005,0,14,26.369999999999997
5000,0.005,0,35,21.89
5000,0.005,0,85,14.32
5000,0.005,0,208,11.700000000000001
5000,0.005,0,506,10.280000000000001
5000,0.005,0,1232,9.39
5000,0.005,0,3000,8.870000000000001
5000,0.005,0,4000,8.94
5000,0.005,0,5000,8.780000000000001
5000,0.005,1,0,59.95
5000,0.005,1,1,40.0
5000,0.005,1,2,60.0
5000,0.005,1,6,40.0
5000,0.005,1,14,33.93
5000,0.005,1,35,27.529999999999998
5000,0.005,1,85,14.729999999999999
5000,0.005,1,208,11.83
5000,0.005,1,506,10.08
5000,0.005,1,1232,9.2
5000,0.005,1,3000,9.1
5000,0.005,1,4000,8.36
5000,0.005,1,5000,8.23
5000,0.005,2,0,37.6
5000,0.005,2,1,40.0
5000,0.005,2,2,60.0
5000,0.005,2,6,40.0
5000,0.005,2,14,33.800000000000004
5000,0.005,2,35,41.11
5000,0.005,2,85,14.499999999999998
5000,0.005,2,208,12.47
5000,0.005,2,506,9.950000000000001
5000,0.005,2,1232,9.07
5000,0.005,2,3000,8.25
5000,0.005,2,4000,7.91
5000,0.005,2,5000,8.0
10000,0.001,0,0,50.980000000000004
10000,0.001,0,1,40.0
10000,0.001,0,2,35.8
10000,0.001,0,6,59.38
10000,0.001,0,14,21.78
10000,0.001,0,35,18.6
10000,0.001,0,85,15.9
10000,0.001,0,208,13.950000000000001
10000,0.001,0,506,11.26
10000,0.001,0,1232,9.46
10000,0.001,0,3000,8.83
10000,0.001,0,4000,8.59
10000,0.001,0,5000,8.55
10000,0.003,0,0,50.980000000000004
10000,0.003,0,1,39.989999999999995
10000,0.003,0,2,60.0
10000,0.003,0,6,40.0
10000,0.003,0,14,26.02
10000,0.003,0,35,18.02
10000,0.003,0,85,14.52
10000,0.003,0,208,12.67
10000,0.003,0,506,10.040000000000001
10000,0.003,0,1232,8.64
10000,0.003,0,3000,7.88
10000,0.003,0,4000,7.539999999999999
10000,0.003,0,5000,7.2700000000000005
10000,0.003,1,0,59.95
10000,0.003,1,1,40.0
10000,0.003,1,2,60.0
10000,0.003,1,6,40.0
10000,0.003,1,14,38.57
10000,0.003,1,35,19.37
10000,0.003,1,85,14.38
10000,0.003,1,208,11.85
10000,0.003,1,506,9.86
10000,0.003,1,1232,8.67
10000,0.003,1,3000,8.110000000000001
10000,0.003,1,4000,7.89
10000,0.003,1,5000,7.6499999999999995
10000,0.003,2,0,37.6
10000,0.003,2,1,40.0
10000,0.003,2,2,60.0
10000,0.003,2,6,40.0
10000,0.003,2,14,36.13
10000,0.003,2,35,18.96
10000,0.003,2,85,18.060000000000002
10000,0.003,2,208,11.959999999999999
10000,0.003,2,506,9.98
10000,0.003,2,1232,8.61
10000,0.003,2,3000,8.1
10000,0.003,2,4000,7.88
10000,0.003,2,5000,7.779999999999999
10000,0.005,0,0,50.980000000000004
10000,0.005,0,1,39.989999999999995
10000,0.005,0,2,60.0
10000,0.005,0,6,40.0
10000,0.005,0,14,28.18
10000,0.005,0,35,21.75
10000,0.005,0,85,14.59
10000,0.005,0,208,11.790000000000001
10000,0.005,0,506,9.610000000000001
10000,0.005,0,1232,8.24
10000,0.005,0,3000,7.5200000000000005
10000,0.005,0,4000,7.31
10000,0.005,0,5000,7.21
10000,0.005,1,0,59.95
10000,0.005,1,1,40.0
10000,0.005,1,2,60.0
10000,0.005,1,6,40.0
10000,0.005,1,14,32.7
10000,0.005,1,35,18.91
10000,0.005,1,85,14.34
10000,0.005,1,208,11.85
10000,0.005,1,506,9.48
10000,0.005,1,1232,8.09
10000,0.005,1,3000,7.779999999999999
10000,0.005,1,4000,7.1
10000,0.005,1,5000,7.1499999999999995
10000,0.005,2,0,37.6
10000,0.005,2,1,40.0
10000,0.005,2,2,60.0
10000,0.005,2,6,40.0
10000,0.005,2,14,34.949999999999996
10000,0.005,2,35,53.89000000000001
10000,0.005,2,85,16.27
10000,0.005,2,208,11.84
10000,0.005,2,506,9.6
10000,0.005,2,1232,8.36
10000,0.005,2,3000,7.22
10000,0.005,2,4000,7.199999999999999
10000,0.005,2,5000,7.08
20000,0.001,0,0,50.980000000000004
20000,0.001,0,1,40.0
20000,0.001,0,2,37.230000000000004
20000,0.001,0,6,58.57
20000,0.001,0,14,21.81
20000,0.001,0,35,18.26
20000,0.001,0,85,15.559999999999999
20000,0.001,0,208,15.740000000000002
20000,0.001,0,506,10.96
20000,0.001,0,1232,9.139999999999999
20000,0.001,0,3000,7.829999999999999
20000,0.001,0,4000,7.5600000000000005
20000,0.001,0,5000,7.46
20000,0.003,0,0,50.980000000000004
20000,0.003,0,1,40.0
20000,0.003,0,2,60.0
20000,0.003,0,6,40.0
20000,0.003,0,14,28.33
20000,0.003,0,35,18.07
20000,0.003,0,85,23.44
20000,0.003,0,208,12.57
20000,0.003,0,506,9.73
20000,0.003,0,1232,8.260000000000002
20000,0.003,0,3000,7.180000000000001
20000,0.003,0,4000,6.88
20000,0.003,0,5000,6.81
20000,0.003,1,0,59.95
20000,0.003,1,1,40.0
20000,0.003,1,2,60.0
20000,0.003,1,6,40.0
20000,0.003,1,14,39.0
20000,0.003,1,35,19.470000000000002
20000,0.003,1,85,14.49
20000,0.003,1,208,11.899999999999999
20000,0.003,1,506,9.71
20000,0.003,1,1232,8.15
20000,0.003,1,3000,7.090000000000001
20000,0.003,1,4000,6.78
20000,0.003,1,5000,6.529999999999999
20000,0.003,2,0,37.6
20000,0.003,2,1,40.0
20000,0.003,2,2,60.0
20000,0.003,2,6,40.0
20000,0.003,2,14,35.47
20000,0.003,2,35,18.72
20000,0.003,2,85,31.78
20000,0.003,2,208,11.86
20000,0.003,2,506,9.82
20000,0.003,2,1232,8.33
20000,0.003,2,3000,7.24
20000,0.003,2,4000,7.07
20000,0.003,2,5000,6.98
20000,0.005,0,0,50.980000000000004
20000,0.005,0,1,40.0
20000,0.005,0,2,60.0
20000,0.005,0,6,40.0
20000,0.005,0,14,31.34
20000,0.005,0,35,59.86
20000,0.005,0,85,14.64
20000,0.005,0,208,11.59
20000,0.005,0,506,9.39
20000,0.005,0,1232,7.720000000000001
20000,0.005,0,3000,6.9
20000,0.005,0,4000,6.63
20000,0.005,0,5000,6.6000000000000005
20000,0.005,1,0,59.95
20000,0.005,1,1,40.0
20000,0.005,1,2,60.0
20000,0.005,1,6,40.0
20000,0.005,1,14,33.15
20000,0.005,1,35,19.33
20000,0.005,1,85,17.07
20000,0.005,1,208,11.68
20000,0.005,1,506,9.68
20000,0.005,1,1232,7.9
20000,0.005,1,3000,6.88
20000,0.005,1,4000,6.74
20000,0.005,1,5000,6.88
20000,0.005,2,0,37.6
20000,0.005,2,1,40.0
20000,0.005,2,2,60.0
20000,0.005,2,6,40.0
20000,0.005,2,14,34.23
20000,0.005,2,35,33.29
20000,0.005,2,85,14.44
20000,0.005,2,208,11.44
20000,0.005,2,506,9.62
20000,0.005,2,1232,7.95
20000,0.005,2,3000,7.000000000000001
20000,0.005,2,4000,6.859999999999999
20000,0.005,2,5000,6.63
50000,0.001,0,0,50.980000000000004
50000,0.001,0,1,40.0
50000,0.001,0,2,37.79
50000,0.001,0,6,58.14
50000,0.001,0,14,21.9
50000,0.001,0,35,18.42
50000,0.001,0,85,16.07
50000,0.001,0,208,13.05
50000,0.001,0,506,10.84
50000,0.001,0,1232,9.120000000000001
50000,0.001,0,3000,7.6499999999999995
50000,0.001,0,4000,7.199999999999999
50000,0.001,0,5000,6.93
50000,0.003,0,0,50.980000000000004
50000,0.003,0,1,40.0
50000,0.003,0,2,60.0
50000,0.003,0,6,40.0
50000,0.003,0,14,29.110000000000003
50000,0.003,0,35,18.099999999999998
50000,0.003,0,85,14.56
50000,0.003,0,208,12.11
50000,0.003,0,506,9.6
50000,0.003,0,1232,8.17
50000,0.003,0,3000,6.74
50000,0.003,0,4000,6.3100000000000005
50000,0.003,0,5000,6.04
50000,0.003,1,0,59.95
50000,0.003,1,1,40.0
50000,0.003,1,2,60.0
50000,0.003,1,6,40.0
50000,0.003,1,14,39.33
50000,0.003,1,35,19.41
50000,0.003,1,85,14.38
50000,0.003,1,208,11.93
50000,0.003,1,506,9.48
50000,0.003,1,1232,8.0
50000,0.003,1,3000,6.79
50000,0.003,1,4000,6.329999999999999
50000,0.003,1,5000,6.13
50000,0.003,2,0,37.6
50000,0.003,2,1,40.0
50000,0.003,2,2,60.0
50000,0.003,2,6,40.0
50000,0.003,2,14,36.51
50000,0.003,2,35,18.88
50000,0.003,2,85,16.57
50000,0.003,2,208,12.41
50000,0.003,2,506,9.610000000000001
50000,0.003,2,1232,8.09
50000,0.003,2,3000,6.7
50000,0.003,2,4000,6.39
50000,0.003,2,5000,6.21
50000,0.005,0,0,50.980000000000004
50000,0.005,0,1,40.0
50000,0.005,0,2,60.0
50000,0.005,0,6,40.0
50000,0.005,0,14,32.08
50000,0.005,0,35,35.85
50000,0.005,0,85,13.99
50000,0.005,0,208,11.700000000000001
50000,0.005,0,506,9.25
50000,0.005,0,1232,7.5
50000,0.005,0,3000,6.45
50000,0.005,0,4000,6.03
50000,0.005,0,5000,5.72
50000,0.005,1,0,59.95
50000,0.005,1,1,40.0
50000,0.005,1,2,60.0
50000,0.005,1,6,40.0
50000,0.005,1,14,34.03
50000,0.005,1,35,31.44
50000,0.005,1,85,14.37
50000,0.005,1,208,11.68
50000,0.005,1,506,9.29
50000,0.005,1,1232,7.5600000000000005
50000,0.005,1,3000,6.54
50000,0.005,1,4000,5.87
50000,0.005,1,5000,5.66
50000,0.005,2,0,37.6
50000,0.005,2,1,40.0
50000,0.005,2,2,60.0
50000,0.005,2,6,40.0
50000,0.005,2,14,35.02
50000,0.005,2,35,28.51
50000,0.005,2,85,14.74
50000,0.005,2,208,11.469999999999999
50000,0.005,2,506,9.34
50000,0.005,2,1232,7.76
50000,0.005,2,3000,6.25
50000,0.005,2,4000,6.1
50000,0.005,2,5000,5.800000000000001
